,ds,country,polygon_source,polygon_id,polygon_name,all_day_bing_tiles_visited_relative_change,all_day_ratio_single_tile_users,baseline_name,baseline_type
0,2020-03-01,ITA,GADM,ITA.13_1,Piemonte,-0.13483,0.21336,full_february,DAY_OF_WEEK
1,2020-03-02,ITA,GADM,ITA.13_1,Piemonte,-0.12708,0.1611,full_february,DAY_OF_WEEK
2,2020-03-03,ITA,GADM,ITA.13_1,Piemonte,-0.05433,0.12924,full_february,DAY_OF_WEEK
3,2020-03-04,ITA,GADM,ITA.13_1,Piemonte,-0.057,0.12595,full_february,DAY_OF_WEEK
4,2020-03-05,ITA,GADM,ITA.13_1,Piemonte,-0.10948,0.14849,full_february,DAY_OF_WEEK
5,2020-03-06,ITA,GADM,ITA.13_1,Piemonte,-0.12017,0.13987,full_february,DAY_OF_WEEK
6,2020-03-07,ITA,GADM,ITA.13_1,Piemonte,-0.09137,0.15741,full_february,DAY_OF_WEEK
7,2020-03-08,ITA,GADM,ITA.13_1,Piemonte,-0.20544,0.23501,full_february,DAY_OF_WEEK
8,2020-03-09,ITA,GADM,ITA.13_1,Piemonte,-0.21828,0.18969,full_february,DAY_OF_WEEK
9,2020-03-10,ITA,GADM,ITA.13_1,Piemonte,-0.2815,0.21842,full_february,DAY_OF_WEEK
10,2020-03-11,ITA,GADM,ITA.13_1,Piemonte,-0.34502,0.24392,full_february,DAY_OF_WEEK
11,2020-03-12,ITA,GADM,ITA.13_1,Piemonte,-0.44958,0.31853,full_february,DAY_OF_WEEK
12,2020-03-13,ITA,GADM,ITA.13_1,Piemonte,-0.49204,0.33224,full_february,DAY_OF_WEEK
13,2020-03-14,ITA,GADM,ITA.13_1,Piemonte,-0.63731,0.44763,full_february,DAY_OF_WEEK
14,2020-03-15,ITA,GADM,ITA.13_1,Piemonte,-0.7242,0.565,full_february,DAY_OF_WEEK
15,2020-03-16,ITA,GADM,ITA.13_1,Piemonte,-0.53882,0.38401,full_february,DAY_OF_WEEK
16,2020-03-17,ITA,GADM,ITA.13_1,Piemonte,-0.5351,0.38551,full_february,DAY_OF_WEEK
17,2020-03-18,ITA,GADM,ITA.13_1,Piemonte,-0.55671,0.40121,full_february,DAY_OF_WEEK
18,2020-03-19,ITA,GADM,ITA.13_1,Piemonte,-0.5672,0.40625,full_february,DAY_OF_WEEK
19,2020-03-20,ITA,GADM,ITA.13_1,Piemonte,-0.58278,0.41059,full_february,DAY_OF_WEEK
20,2020-03-21,ITA,GADM,ITA.13_1,Piemonte,-0.67029,0.47001,full_february,DAY_OF_WEEK
21,2020-03-22,ITA,GADM,ITA.13_1,Piemonte,-0.77799,0.64858,full_february,DAY_OF_WEEK
22,2020-03-23,ITA,GADM,ITA.13_1,Piemonte,-0.63641,0.4823,full_february,DAY_OF_WEEK
23,2020-03-24,ITA,GADM,ITA.13_1,Piemonte,-0.62558,0.47094,full_february,DAY_OF_WEEK
24,2020-03-25,ITA,GADM,ITA.13_1,Piemonte,-0.64336,0.49281,full_february,DAY_OF_WEEK
25,2020-03-26,ITA,GADM,ITA.13_1,Piemonte,-0.66173,0.50297,full_february,DAY_OF_WEEK
26,2020-03-27,ITA,GADM,ITA.13_1,Piemonte,-0.66502,0.48721,full_february,DAY_OF_WEEK
27,2020-03-28,ITA,GADM,ITA.13_1,Piemonte,-0.69561,0.49211,full_february,DAY_OF_WEEK
28,2020-03-29,ITA,GADM,ITA.13_1,Piemonte,-0.77347,0.63434,full_february,DAY_OF_WEEK
29,2020-03-30,ITA,GADM,ITA.13_1,Piemonte,-0.65458,0.49115,full_february,DAY_OF_WEEK
30,2020-03-31,ITA,GADM,ITA.13_1,Piemonte,-0.64606,0.48749,full_february,DAY_OF_WEEK
31,2020-04-01,ITA,GADM,ITA.13_1,Piemonte,-0.63876,0.46646,full_february,DAY_OF_WEEK
32,2020-04-02,ITA,GADM,ITA.13_1,Piemonte,-0.63428,0.45601,full_february,DAY_OF_WEEK
33,2020-04-03,ITA,GADM,ITA.13_1,Piemonte,-0.63256,0.43863,full_february,DAY_OF_WEEK
34,2020-04-04,ITA,GADM,ITA.13_1,Piemonte,-0.68214,0.47924,full_february,DAY_OF_WEEK
35,2020-04-05,ITA,GADM,ITA.13_1,Piemonte,-0.76573,0.61437,full_february,DAY_OF_WEEK
36,2020-04-06,ITA,GADM,ITA.13_1,Piemonte,-0.61704,0.43995,full_february,DAY_OF_WEEK
37,2020-04-07,ITA,GADM,ITA.13_1,Piemonte,-0.60535,0.4353,full_february,DAY_OF_WEEK
38,2020-04-08,ITA,GADM,ITA.13_1,Piemonte,-0.61167,0.42873,full_february,DAY_OF_WEEK
39,2020-04-09,ITA,GADM,ITA.13_1,Piemonte,-0.60195,0.41971,full_february,DAY_OF_WEEK
40,2020-04-10,ITA,GADM,ITA.13_1,Piemonte,-0.60133,0.40089,full_february,DAY_OF_WEEK
41,2020-04-11,ITA,GADM,ITA.13_1,Piemonte,-0.66184,0.44677,full_february,DAY_OF_WEEK
42,2020-04-12,ITA,GADM,ITA.13_1,Piemonte,-0.77993,0.62561,full_february,DAY_OF_WEEK
43,2020-04-13,ITA,GADM,ITA.13_1,Piemonte,-0.80833,0.63551,full_february,DAY_OF_WEEK
44,2020-04-14,ITA,GADM,ITA.13_1,Piemonte,-0.58842,0.41162,full_february,DAY_OF_WEEK
45,2020-04-15,ITA,GADM,ITA.13_1,Piemonte,-0.58615,0.41703,full_february,DAY_OF_WEEK
46,2020-04-16,ITA,GADM,ITA.13_1,Piemonte,-0.57518,0.40407,full_february,DAY_OF_WEEK
47,2020-04-17,ITA,GADM,ITA.13_1,Piemonte,-0.579,0.39594,full_february,DAY_OF_WEEK
48,2020-04-18,ITA,GADM,ITA.13_1,Piemonte,-0.647,0.44129,full_february,DAY_OF_WEEK
49,2020-04-19,ITA,GADM,ITA.13_1,Piemonte,-0.76045,0.61053,full_february,DAY_OF_WEEK
50,2020-04-20,ITA,GADM,ITA.13_1,Piemonte,-0.61364,0.4736,full_february,DAY_OF_WEEK
51,2020-04-21,ITA,GADM,ITA.13_1,Piemonte,-0.59545,0.45378,full_february,DAY_OF_WEEK
52,2020-04-22,ITA,GADM,ITA.13_1,Piemonte,-0.56905,0.39587,full_february,DAY_OF_WEEK
53,2020-04-23,ITA,GADM,ITA.13_1,Piemonte,-0.55814,0.38456,full_february,DAY_OF_WEEK
54,2020-04-24,ITA,GADM,ITA.13_1,Piemonte,-0.54633,0.35474,full_february,DAY_OF_WEEK
55,2020-04-25,ITA,GADM,ITA.13_1,Piemonte,-0.73943,0.5612,full_february,DAY_OF_WEEK
56,2020-04-26,ITA,GADM,ITA.13_1,Piemonte,-0.73478,0.56861,full_february,DAY_OF_WEEK
57,2020-04-27,ITA,GADM,ITA.13_1,Piemonte,-0.55167,0.3888,full_february,DAY_OF_WEEK
58,2020-04-28,ITA,GADM,ITA.13_1,Piemonte,-0.56406,0.42445,full_february,DAY_OF_WEEK
59,2020-04-29,ITA,GADM,ITA.13_1,Piemonte,-0.53326,0.36485,full_february,DAY_OF_WEEK
60,2020-04-30,ITA,GADM,ITA.13_1,Piemonte,-0.52164,0.35944,full_february,DAY_OF_WEEK
61,2020-05-01,ITA,GADM,ITA.13_1,Piemonte,-0.77269,0.57525,full_february,DAY_OF_WEEK
62,2020-05-02,ITA,GADM,ITA.13_1,Piemonte,-0.61087,0.3905,full_february,DAY_OF_WEEK
63,2020-05-03,ITA,GADM,ITA.13_1,Piemonte,-0.70651,0.52812,full_february,DAY_OF_WEEK
64,2020-05-04,ITA,GADM,ITA.13_1,Piemonte,-0.353,0.25371,full_february,DAY_OF_WEEK
65,2020-05-05,ITA,GADM,ITA.13_1,Piemonte,-0.33464,0.24738,full_february,DAY_OF_WEEK
66,2020-05-06,ITA,GADM,ITA.13_1,Piemonte,-0.34726,0.25411,full_february,DAY_OF_WEEK
67,2020-05-07,ITA,GADM,ITA.13_1,Piemonte,-0.33992,0.24714,full_february,DAY_OF_WEEK
68,2020-05-08,ITA,GADM,ITA.13_1,Piemonte,-0.3475,0.24136,full_february,DAY_OF_WEEK
69,2020-05-09,ITA,GADM,ITA.13_1,Piemonte,-0.3696,0.264,full_february,DAY_OF_WEEK
70,2020-05-10,ITA,GADM,ITA.13_1,Piemonte,-0.51119,0.3762,full_february,DAY_OF_WEEK
71,2020-05-11,ITA,GADM,ITA.13_1,Piemonte,-0.38937,0.29299,full_february,DAY_OF_WEEK
72,2020-05-12,ITA,GADM,ITA.13_1,Piemonte,-0.31606,0.24782,full_february,DAY_OF_WEEK
73,2020-05-13,ITA,GADM,ITA.13_1,Piemonte,-0.39166,0.3044,full_february,DAY_OF_WEEK
74,2020-05-14,ITA,GADM,ITA.13_1,Piemonte,-0.30861,0.23612,full_february,DAY_OF_WEEK
75,2020-05-15,ITA,GADM,ITA.13_1,Piemonte,-0.33201,0.23924,full_february,DAY_OF_WEEK
76,2020-05-16,ITA,GADM,ITA.13_1,Piemonte,-0.3985,0.28311,full_february,DAY_OF_WEEK
77,2020-05-17,ITA,GADM,ITA.13_1,Piemonte,-0.45345,0.35031,full_february,DAY_OF_WEEK
78,2020-05-18,ITA,GADM,ITA.13_1,Piemonte,-0.21733,0.20078,full_february,DAY_OF_WEEK
79,2020-05-19,ITA,GADM,ITA.13_1,Piemonte,-0.22296,0.20409,full_february,DAY_OF_WEEK
80,2020-05-20,ITA,GADM,ITA.13_1,Piemonte,-0.21067,0.19089,full_february,DAY_OF_WEEK
81,2020-05-21,ITA,GADM,ITA.13_1,Piemonte,-0.20612,0.18673,full_february,DAY_OF_WEEK
82,2020-05-22,ITA,GADM,ITA.13_1,Piemonte,-0.21852,0.18361,full_february,DAY_OF_WEEK
83,2020-05-23,ITA,GADM,ITA.13_1,Piemonte,-0.211,0.20128,full_february,DAY_OF_WEEK
84,2020-05-24,ITA,GADM,ITA.13_1,Piemonte,-0.18023,0.24003,full_february,DAY_OF_WEEK
85,2020-05-25,ITA,GADM,ITA.13_1,Piemonte,-0.17009,0.17605,full_february,DAY_OF_WEEK
86,2020-05-26,ITA,GADM,ITA.13_1,Piemonte,-0.15934,0.17322,full_february,DAY_OF_WEEK
87,2020-05-27,ITA,GADM,ITA.13_1,Piemonte,-0.16534,0.17124,full_february,DAY_OF_WEEK
88,2020-05-28,ITA,GADM,ITA.13_1,Piemonte,-0.14961,0.16611,full_february,DAY_OF_WEEK
89,2020-05-29,ITA,GADM,ITA.13_1,Piemonte,-0.18725,0.17273,full_february,DAY_OF_WEEK
90,2020-05-30,ITA,GADM,ITA.13_1,Piemonte,-0.12715,0.17402,full_february,DAY_OF_WEEK
91,2020-05-31,ITA,GADM,ITA.13_1,Piemonte,-0.1787,0.23351,full_february,DAY_OF_WEEK
92,2020-06-01,ITA,GADM,ITA.13_1,Piemonte,-0.13233,0.16354,full_february,DAY_OF_WEEK
93,2020-06-02,ITA,GADM,ITA.13_1,Piemonte,-0.23983,0.22366,full_february,DAY_OF_WEEK
94,2020-06-03,ITA,GADM,ITA.13_1,Piemonte,-0.12852,0.15919,full_february,DAY_OF_WEEK
95,2020-06-04,ITA,GADM,ITA.13_1,Piemonte,-0.19629,0.19523,full_february,DAY_OF_WEEK
96,2020-06-05,ITA,GADM,ITA.13_1,Piemonte,-0.13401,0.15177,full_february,DAY_OF_WEEK
97,2020-06-06,ITA,GADM,ITA.13_1,Piemonte,-0.07533,0.16014,full_february,DAY_OF_WEEK
98,2020-06-07,ITA,GADM,ITA.13_1,Piemonte,-0.23206,0.25226,full_february,DAY_OF_WEEK
99,2020-06-08,ITA,GADM,ITA.13_1,Piemonte,-0.17305,0.1843,full_february,DAY_OF_WEEK
100,2020-06-09,ITA,GADM,ITA.13_1,Piemonte,-0.1653,0.18091,full_february,DAY_OF_WEEK
101,2020-06-10,ITA,GADM,ITA.13_1,Piemonte,-0.13729,0.16011,full_february,DAY_OF_WEEK
102,2020-06-11,ITA,GADM,ITA.13_1,Piemonte,-0.15243,0.17079,full_february,DAY_OF_WEEK
103,2020-06-12,ITA,GADM,ITA.13_1,Piemonte,-0.15488,0.16187,full_february,DAY_OF_WEEK
104,2020-06-13,ITA,GADM,ITA.13_1,Piemonte,-0.15492,0.18159,full_february,DAY_OF_WEEK
105,2020-06-14,ITA,GADM,ITA.13_1,Piemonte,-0.02659,0.19502,full_february,DAY_OF_WEEK
106,2020-06-15,ITA,GADM,ITA.13_1,Piemonte,-0.06432,0.14281,full_february,DAY_OF_WEEK
107,2020-06-16,ITA,GADM,ITA.13_1,Piemonte,-0.10275,0.15462,full_february,DAY_OF_WEEK
108,2020-06-17,ITA,GADM,ITA.13_1,Piemonte,-0.12495,0.15877,full_february,DAY_OF_WEEK
109,2020-06-18,ITA,GADM,ITA.13_1,Piemonte,-0.10221,0.14586,full_february,DAY_OF_WEEK
110,2020-06-19,ITA,GADM,ITA.13_1,Piemonte,-0.08549,0.13653,full_february,DAY_OF_WEEK
111,2020-06-20,ITA,GADM,ITA.13_1,Piemonte,-0.01302,0.14258,full_february,DAY_OF_WEEK
112,2020-06-21,ITA,GADM,ITA.13_1,Piemonte,0.03705,0.18103,full_february,DAY_OF_WEEK
113,2020-06-22,ITA,GADM,ITA.13_1,Piemonte,-0.04308,0.13734,full_february,DAY_OF_WEEK
114,2020-06-23,ITA,GADM,ITA.13_1,Piemonte,-0.05425,0.13972,full_february,DAY_OF_WEEK
115,2020-06-24,ITA,GADM,ITA.13_1,Piemonte,-0.07492,0.14426,full_february,DAY_OF_WEEK
116,2020-06-25,ITA,GADM,ITA.13_1,Piemonte,-0.05439,0.13289,full_february,DAY_OF_WEEK
117,2020-06-26,ITA,GADM,ITA.13_1,Piemonte,-0.07095,0.131,full_february,DAY_OF_WEEK
118,2020-06-27,ITA,GADM,ITA.13_1,Piemonte,-0.04487,0.15131,full_february,DAY_OF_WEEK
119,2020-06-28,ITA,GADM,ITA.13_1,Piemonte,0.00735,0.18365,full_february,DAY_OF_WEEK
120,2020-06-29,ITA,GADM,ITA.13_1,Piemonte,-0.03739,0.13518,full_february,DAY_OF_WEEK
121,2020-06-30,ITA,GADM,ITA.13_1,Piemonte,-0.04365,0.13589,full_february,DAY_OF_WEEK
122,2020-07-01,ITA,GADM,ITA.13_1,Piemonte,-0.06156,0.13344,full_february,DAY_OF_WEEK
123,2020-07-02,ITA,GADM,ITA.13_1,Piemonte,-0.05605,0.13233,full_february,DAY_OF_WEEK
124,2020-07-03,ITA,GADM,ITA.13_1,Piemonte,-0.08421,0.13687,full_february,DAY_OF_WEEK
125,2020-07-04,ITA,GADM,ITA.13_1,Piemonte,-0.03188,0.14426,full_february,DAY_OF_WEEK
126,2020-07-05,ITA,GADM,ITA.13_1,Piemonte,0.04417,0.17482,full_february,DAY_OF_WEEK
127,2020-07-06,ITA,GADM,ITA.13_1,Piemonte,-0.02855,0.13229,full_february,DAY_OF_WEEK
128,2020-07-07,ITA,GADM,ITA.13_1,Piemonte,-0.02914,0.13118,full_february,DAY_OF_WEEK
129,2020-07-08,ITA,GADM,ITA.13_1,Piemonte,-0.04623,0.12748,full_february,DAY_OF_WEEK
130,2020-07-09,ITA,GADM,ITA.13_1,Piemonte,-0.03394,0.12716,full_february,DAY_OF_WEEK
131,2020-07-10,ITA,GADM,ITA.13_1,Piemonte,-0.04785,0.12548,full_february,DAY_OF_WEEK
132,2020-07-11,ITA,GADM,ITA.13_1,Piemonte,-0.02894,0.14344,full_february,DAY_OF_WEEK
133,2020-07-12,ITA,GADM,ITA.13_1,Piemonte,0.02118,0.17802,full_february,DAY_OF_WEEK
134,2020-07-13,ITA,GADM,ITA.13_1,Piemonte,-0.01732,0.12908,full_february,DAY_OF_WEEK
135,2020-07-14,ITA,GADM,ITA.13_1,Piemonte,-0.02921,0.12972,full_february,DAY_OF_WEEK
136,2020-07-15,ITA,GADM,ITA.13_1,Piemonte,-0.0373,0.12836,full_february,DAY_OF_WEEK
137,2020-07-16,ITA,GADM,ITA.13_1,Piemonte,-0.02687,0.12359,full_february,DAY_OF_WEEK
138,2020-07-17,ITA,GADM,ITA.13_1,Piemonte,-0.03427,0.12188,full_february,DAY_OF_WEEK
139,2020-07-18,ITA,GADM,ITA.13_1,Piemonte,0.0067,0.13774,full_february,DAY_OF_WEEK
140,2020-07-19,ITA,GADM,ITA.13_1,Piemonte,0.05352,0.17014,full_february,DAY_OF_WEEK
141,2020-07-20,ITA,GADM,ITA.13_1,Piemonte,-0.00762,0.12636,full_february,DAY_OF_WEEK
142,2020-07-21,ITA,GADM,ITA.13_1,Piemonte,-0.02676,0.12904,full_february,DAY_OF_WEEK
143,2020-07-22,ITA,GADM,ITA.13_1,Piemonte,-0.04563,0.13036,full_february,DAY_OF_WEEK
144,2020-07-23,ITA,GADM,ITA.13_1,Piemonte,-0.03176,0.12875,full_february,DAY_OF_WEEK
145,2020-07-24,ITA,GADM,ITA.13_1,Piemonte,-0.05335,0.12673,full_february,DAY_OF_WEEK
146,2020-07-25,ITA,GADM,ITA.13_1,Piemonte,0.01783,0.13357,full_february,DAY_OF_WEEK
147,2020-07-26,ITA,GADM,ITA.13_1,Piemonte,0.05253,0.17152,full_february,DAY_OF_WEEK
148,2020-07-27,ITA,GADM,ITA.13_1,Piemonte,0.00092,0.12519,full_february,DAY_OF_WEEK
149,2020-07-28,ITA,GADM,ITA.13_1,Piemonte,-0.0088,0.12822,full_february,DAY_OF_WEEK
150,2020-07-29,ITA,GADM,ITA.13_1,Piemonte,-0.03652,0.12933,full_february,DAY_OF_WEEK
151,2020-07-30,ITA,GADM,ITA.13_1,Piemonte,-0.02712,0.12843,full_february,DAY_OF_WEEK
152,2020-07-31,ITA,GADM,ITA.13_1,Piemonte,-0.04446,0.12708,full_february,DAY_OF_WEEK
153,2020-08-01,ITA,GADM,ITA.13_1,Piemonte,0.0232,0.14045,full_february,DAY_OF_WEEK
154,2020-08-02,ITA,GADM,ITA.13_1,Piemonte,-0.01502,0.18481,full_february,DAY_OF_WEEK
155,2020-08-03,ITA,GADM,ITA.13_1,Piemonte,-0.03902,0.14534,full_february,DAY_OF_WEEK
156,2020-08-04,ITA,GADM,ITA.13_1,Piemonte,-0.01541,0.13107,full_february,DAY_OF_WEEK
157,2020-08-05,ITA,GADM,ITA.13_1,Piemonte,-0.0043,0.12569,full_february,DAY_OF_WEEK
158,2020-08-06,ITA,GADM,ITA.13_1,Piemonte,-0.006,0.12514,full_february,DAY_OF_WEEK
159,2020-08-07,ITA,GADM,ITA.13_1,Piemonte,-0.03323,0.12332,full_february,DAY_OF_WEEK
160,2020-08-08,ITA,GADM,ITA.13_1,Piemonte,0.01782,0.14191,full_february,DAY_OF_WEEK
161,2020-08-09,ITA,GADM,ITA.13_1,Piemonte,0.03746,0.17968,full_february,DAY_OF_WEEK
162,2020-08-10,ITA,GADM,ITA.13_1,Piemonte,-0.02905,0.14542,full_february,DAY_OF_WEEK
163,2020-08-11,ITA,GADM,ITA.13_1,Piemonte,-0.05106,0.14457,full_february,DAY_OF_WEEK
164,2020-08-12,ITA,GADM,ITA.13_1,Piemonte,-0.07767,0.14751,full_february,DAY_OF_WEEK
165,2020-08-13,ITA,GADM,ITA.13_1,Piemonte,-0.09655,0.14999,full_february,DAY_OF_WEEK
166,2020-08-14,ITA,GADM,ITA.13_1,Piemonte,-0.08367,0.13643,full_february,DAY_OF_WEEK
167,2020-08-15,ITA,GADM,ITA.13_1,Piemonte,-0.06552,0.17339,full_february,DAY_OF_WEEK
168,2020-08-16,ITA,GADM,ITA.13_1,Piemonte,-0.05637,0.19944,full_february,DAY_OF_WEEK
169,2020-08-17,ITA,GADM,ITA.13_1,Piemonte,-0.10679,0.1636,full_february,DAY_OF_WEEK
170,2020-08-18,ITA,GADM,ITA.13_1,Piemonte,-0.08479,0.15196,full_february,DAY_OF_WEEK
171,2020-08-19,ITA,GADM,ITA.13_1,Piemonte,-0.08929,0.14699,full_february,DAY_OF_WEEK
172,2020-08-20,ITA,GADM,ITA.13_1,Piemonte,-0.09051,0.14711,full_february,DAY_OF_WEEK
173,2020-08-21,ITA,GADM,ITA.13_1,Piemonte,-0.12239,0.14793,full_february,DAY_OF_WEEK
174,2020-08-22,ITA,GADM,ITA.13_1,Piemonte,-0.06158,0.15627,full_february,DAY_OF_WEEK
175,2020-08-23,ITA,GADM,ITA.13_1,Piemonte,-0.007,0.18784,full_february,DAY_OF_WEEK
176,2020-08-24,ITA,GADM,ITA.13_1,Piemonte,-0.06596,0.14455,full_february,DAY_OF_WEEK
177,2020-08-25,ITA,GADM,ITA.13_1,Piemonte,-0.06638,0.14033,full_february,DAY_OF_WEEK
178,2020-08-26,ITA,GADM,ITA.13_1,Piemonte,-0.07326,0.13846,full_february,DAY_OF_WEEK
179,2020-08-27,ITA,GADM,ITA.13_1,Piemonte,-0.05817,0.13257,full_february,DAY_OF_WEEK
180,2020-08-28,ITA,GADM,ITA.13_1,Piemonte,-0.10852,0.14039,full_february,DAY_OF_WEEK
181,2020-08-29,ITA,GADM,ITA.13_1,Piemonte,-0.1266,0.16931,full_february,DAY_OF_WEEK
182,2020-08-30,ITA,GADM,ITA.13_1,Piemonte,-0.08202,0.20018,full_february,DAY_OF_WEEK
183,2020-08-31,ITA,GADM,ITA.13_1,Piemonte,-0.04191,0.13343,full_february,DAY_OF_WEEK
184,2020-09-01,ITA,GADM,ITA.13_1,Piemonte,-0.01945,0.12561,full_february,DAY_OF_WEEK
185,2020-09-02,ITA,GADM,ITA.13_1,Piemonte,-0.05394,0.13085,full_february,DAY_OF_WEEK
186,2020-09-03,ITA,GADM,ITA.13_1,Piemonte,-0.0417,0.12296,full_february,DAY_OF_WEEK
187,2020-09-04,ITA,GADM,ITA.13_1,Piemonte,-0.0453,0.11968,full_february,DAY_OF_WEEK
188,2020-09-05,ITA,GADM,ITA.13_1,Piemonte,-0.00016,0.13596,full_february,DAY_OF_WEEK
189,2020-09-06,ITA,GADM,ITA.13_1,Piemonte,0.01929,0.17689,full_february,DAY_OF_WEEK
190,2020-09-07,ITA,GADM,ITA.13_1,Piemonte,-0.04597,0.13537,full_february,DAY_OF_WEEK
191,2020-09-08,ITA,GADM,ITA.13_1,Piemonte,-0.01943,0.12531,full_february,DAY_OF_WEEK
192,2020-09-09,ITA,GADM,ITA.13_1,Piemonte,-0.03337,0.12323,full_february,DAY_OF_WEEK
193,2020-09-10,ITA,GADM,ITA.13_1,Piemonte,-0.038,0.12009,full_february,DAY_OF_WEEK
194,2020-09-11,ITA,GADM,ITA.13_1,Piemonte,-0.07089,0.12226,full_february,DAY_OF_WEEK
195,2020-09-12,ITA,GADM,ITA.13_1,Piemonte,0.00251,0.12703,full_february,DAY_OF_WEEK
196,2020-09-13,ITA,GADM,ITA.13_1,Piemonte,0.02223,0.16536,full_february,DAY_OF_WEEK
197,2020-09-14,ITA,GADM,ITA.13_1,Piemonte,-0.00163,0.1131,full_february,DAY_OF_WEEK
198,2020-09-15,ITA,GADM,ITA.13_1,Piemonte,-0.00362,0.11199,full_february,DAY_OF_WEEK
199,2020-09-16,ITA,GADM,ITA.13_1,Piemonte,-0.01629,0.11281,full_february,DAY_OF_WEEK
200,2020-09-17,ITA,GADM,ITA.13_1,Piemonte,-0.01401,0.11049,full_february,DAY_OF_WEEK
201,2020-09-18,ITA,GADM,ITA.13_1,Piemonte,-0.02529,0.10855,full_february,DAY_OF_WEEK
202,2020-09-19,ITA,GADM,ITA.13_1,Piemonte,-0.0171,0.1363,full_february,DAY_OF_WEEK
203,2020-09-20,ITA,GADM,ITA.13_1,Piemonte,-0.02987,0.16757,full_february,DAY_OF_WEEK
204,2020-09-21,ITA,GADM,ITA.13_1,Piemonte,-0.04063,0.12247,full_february,DAY_OF_WEEK
205,2020-09-22,ITA,GADM,ITA.13_1,Piemonte,-0.05589,0.13527,full_february,DAY_OF_WEEK
206,2020-09-23,ITA,GADM,ITA.13_1,Piemonte,-0.0407,0.1183,full_february,DAY_OF_WEEK
207,2020-09-24,ITA,GADM,ITA.13_1,Piemonte,-0.04383,0.11924,full_february,DAY_OF_WEEK
208,2020-09-25,ITA,GADM,ITA.13_1,Piemonte,-0.06813,0.12624,full_february,DAY_OF_WEEK
209,2020-09-26,ITA,GADM,ITA.13_1,Piemonte,-0.02711,0.14576,full_february,DAY_OF_WEEK
210,2020-09-27,ITA,GADM,ITA.13_1,Piemonte,-0.02073,0.18807,full_february,DAY_OF_WEEK
211,2020-09-28,ITA,GADM,ITA.13_1,Piemonte,-0.02485,0.1225,full_february,DAY_OF_WEEK
212,2020-09-29,ITA,GADM,ITA.13_1,Piemonte,-0.01114,0.11988,full_february,DAY_OF_WEEK
213,2020-09-30,ITA,GADM,ITA.13_1,Piemonte,-0.02253,0.11746,full_february,DAY_OF_WEEK
214,2020-10-01,ITA,GADM,ITA.13_1,Piemonte,-0.0168,0.11768,full_february,DAY_OF_WEEK
215,2020-10-02,ITA,GADM,ITA.13_1,Piemonte,-0.11018,0.14883,full_february,DAY_OF_WEEK
216,2020-10-03,ITA,GADM,ITA.13_1,Piemonte,-0.07594,0.15587,full_february,DAY_OF_WEEK
217,2020-10-04,ITA,GADM,ITA.13_1,Piemonte,-0.10638,0.20765,full_february,DAY_OF_WEEK
218,2020-10-05,ITA,GADM,ITA.13_1,Piemonte,-0.05624,0.13111,full_february,DAY_OF_WEEK
219,2020-10-06,ITA,GADM,ITA.13_1,Piemonte,-0.03256,0.12715,full_february,DAY_OF_WEEK
220,2020-10-07,ITA,GADM,ITA.13_1,Piemonte,-0.03596,0.12341,full_february,DAY_OF_WEEK
221,2020-10-08,ITA,GADM,ITA.13_1,Piemonte,-0.02467,0.1198,full_february,DAY_OF_WEEK
222,2020-10-09,ITA,GADM,ITA.13_1,Piemonte,-0.05097,0.12069,full_february,DAY_OF_WEEK
223,2020-10-10,ITA,GADM,ITA.13_1,Piemonte,-0.03694,0.1479,full_february,DAY_OF_WEEK
224,2020-10-11,ITA,GADM,ITA.13_1,Piemonte,-0.07837,0.20714,full_february,DAY_OF_WEEK
225,2020-10-12,ITA,GADM,ITA.13_1,Piemonte,-0.04491,0.13141,full_february,DAY_OF_WEEK
226,2020-10-13,ITA,GADM,ITA.13_1,Piemonte,-0.03157,0.12785,full_february,DAY_OF_WEEK
227,2020-10-14,ITA,GADM,ITA.13_1,Piemonte,-0.06511,0.13302,full_february,DAY_OF_WEEK
228,2020-10-15,ITA,GADM,ITA.13_1,Piemonte,-0.09504,0.15068,full_february,DAY_OF_WEEK
229,2020-10-16,ITA,GADM,ITA.13_1,Piemonte,-0.07166,0.12911,full_february,DAY_OF_WEEK
230,2020-10-17,ITA,GADM,ITA.13_1,Piemonte,-0.05636,0.15742,full_february,DAY_OF_WEEK
231,2020-10-18,ITA,GADM,ITA.13_1,Piemonte,-0.11549,0.22284,full_february,DAY_OF_WEEK
232,2020-10-19,ITA,GADM,ITA.13_1,Piemonte,-0.08641,0.14367,full_february,DAY_OF_WEEK
233,2020-10-20,ITA,GADM,ITA.13_1,Piemonte,-0.07516,0.14296,full_february,DAY_OF_WEEK
234,2020-10-21,ITA,GADM,ITA.13_1,Piemonte,-0.09699,0.14573,full_february,DAY_OF_WEEK
235,2020-10-22,ITA,GADM,ITA.13_1,Piemonte,-0.1004,0.14698,full_february,DAY_OF_WEEK
236,2020-10-23,ITA,GADM,ITA.13_1,Piemonte,-0.13088,0.15569,full_february,DAY_OF_WEEK
237,2020-10-24,ITA,GADM,ITA.13_1,Piemonte,-0.12966,0.17737,full_february,DAY_OF_WEEK
238,2020-10-25,ITA,GADM,ITA.13_1,Piemonte,-0.22848,0.26535,full_february,DAY_OF_WEEK
239,2020-10-26,ITA,GADM,ITA.13_1,Piemonte,-0.17197,0.18231,full_february,DAY_OF_WEEK
240,2020-10-27,ITA,GADM,ITA.13_1,Piemonte,-0.10675,0.15427,full_february,DAY_OF_WEEK
241,2020-10-28,ITA,GADM,ITA.13_1,Piemonte,-0.11905,0.15388,full_february,DAY_OF_WEEK
242,2020-10-29,ITA,GADM,ITA.13_1,Piemonte,-0.12154,0.1564,full_february,DAY_OF_WEEK
243,2020-10-30,ITA,GADM,ITA.13_1,Piemonte,-0.12362,0.15065,full_february,DAY_OF_WEEK
244,2020-10-31,ITA,GADM,ITA.13_1,Piemonte,-0.14472,0.18862,full_february,DAY_OF_WEEK
245,2020-11-01,ITA,GADM,ITA.13_1,Piemonte,-0.28149,0.28998,full_february,DAY_OF_WEEK
246,2020-11-02,ITA,GADM,ITA.13_1,Piemonte,-0.14635,0.17079,full_february,DAY_OF_WEEK
247,2020-11-03,ITA,GADM,ITA.13_1,Piemonte,-0.14067,0.17441,full_february,DAY_OF_WEEK
248,2020-11-04,ITA,GADM,ITA.13_1,Piemonte,-0.1101,0.16448,full_february,DAY_OF_WEEK
249,2020-11-05,ITA,GADM,ITA.13_1,Piemonte,-0.09699,0.15508,full_february,DAY_OF_WEEK
250,2020-11-06,ITA,GADM,ITA.13_1,Piemonte,-0.3335,0.23285,full_february,DAY_OF_WEEK
251,2020-11-07,ITA,GADM,ITA.13_1,Piemonte,-0.47562,0.31966,full_february,DAY_OF_WEEK
252,2020-11-08,ITA,GADM,ITA.13_1,Piemonte,-0.61324,0.45676,full_february,DAY_OF_WEEK
253,2020-11-09,ITA,GADM,ITA.13_1,Piemonte,-0.31691,0.23824,full_february,DAY_OF_WEEK
254,2020-11-10,ITA,GADM,ITA.13_1,Piemonte,-0.28914,0.23073,full_february,DAY_OF_WEEK
255,2020-11-11,ITA,GADM,ITA.13_1,Piemonte,-0.3011,0.23078,full_february,DAY_OF_WEEK
256,2020-11-12,ITA,GADM,ITA.13_1,Piemonte,-0.30181,0.23656,full_february,DAY_OF_WEEK
257,2020-11-13,ITA,GADM,ITA.13_1,Piemonte,-0.30637,0.22458,full_february,DAY_OF_WEEK
258,2020-11-14,ITA,GADM,ITA.13_1,Piemonte,-0.41977,0.28846,full_february,DAY_OF_WEEK
259,2020-11-15,ITA,GADM,ITA.13_1,Piemonte,-0.59552,0.45168,full_february,DAY_OF_WEEK
260,2020-11-16,ITA,GADM,ITA.13_1,Piemonte,-0.29183,0.22899,full_february,DAY_OF_WEEK
261,2020-11-17,ITA,GADM,ITA.13_1,Piemonte,-0.26876,0.22184,full_february,DAY_OF_WEEK
262,2020-11-18,ITA,GADM,ITA.13_1,Piemonte,-0.27598,0.22091,full_february,DAY_OF_WEEK
263,2020-11-19,ITA,GADM,ITA.13_1,Piemonte,-0.2702,0.21675,full_february,DAY_OF_WEEK
264,2020-11-20,ITA,GADM,ITA.13_1,Piemonte,-0.27966,0.21055,full_february,DAY_OF_WEEK
265,2020-11-21,ITA,GADM,ITA.13_1,Piemonte,-0.39685,0.27888,full_february,DAY_OF_WEEK
266,2020-11-22,ITA,GADM,ITA.13_1,Piemonte,-0.54656,0.40874,full_february,DAY_OF_WEEK
267,2020-11-23,ITA,GADM,ITA.13_1,Piemonte,-0.27198,0.22131,full_february,DAY_OF_WEEK
268,2020-11-24,ITA,GADM,ITA.13_1,Piemonte,-0.24391,0.21289,full_february,DAY_OF_WEEK
269,2020-11-25,ITA,GADM,ITA.13_1,Piemonte,-0.25306,0.20939,full_february,DAY_OF_WEEK
270,2020-11-26,ITA,GADM,ITA.13_1,Piemonte,-0.24937,0.20874,full_february,DAY_OF_WEEK
271,2020-11-27,ITA,GADM,ITA.13_1,Piemonte,-0.26483,0.20244,full_february,DAY_OF_WEEK
272,2020-11-28,ITA,GADM,ITA.13_1,Piemonte,-0.38351,0.27787,full_february,DAY_OF_WEEK
273,2020-11-29,ITA,GADM,ITA.13_1,Piemonte,-0.48342,0.37056,full_february,DAY_OF_WEEK
274,2020-11-30,ITA,GADM,ITA.13_1,Piemonte,-0.23218,0.20146,full_february,DAY_OF_WEEK
275,2020-12-01,ITA,GADM,ITA.13_1,Piemonte,-0.19963,0.19612,full_february,DAY_OF_WEEK
276,2020-12-02,ITA,GADM,ITA.13_1,Piemonte,-0.25447,0.22054,full_february,DAY_OF_WEEK
277,2020-12-03,ITA,GADM,ITA.13_1,Piemonte,-0.20461,0.19138,full_february,DAY_OF_WEEK
278,2020-12-04,ITA,GADM,ITA.13_1,Piemonte,-0.27804,0.23572,full_february,DAY_OF_WEEK
279,2020-12-05,ITA,GADM,ITA.13_1,Piemonte,-0.32889,0.26468,full_february,DAY_OF_WEEK
280,2020-12-06,ITA,GADM,ITA.13_1,Piemonte,-0.47938,0.37393,full_february,DAY_OF_WEEK
281,2020-12-07,ITA,GADM,ITA.13_1,Piemonte,-0.26554,0.23084,full_february,DAY_OF_WEEK
282,2020-12-08,ITA,GADM,ITA.13_1,Piemonte,-0.53294,0.37032,full_february,DAY_OF_WEEK
283,2020-12-09,ITA,GADM,ITA.13_1,Piemonte,-0.18527,0.1811,full_february,DAY_OF_WEEK
284,2020-12-10,ITA,GADM,ITA.13_1,Piemonte,-0.16857,0.17518,full_february,DAY_OF_WEEK
285,2020-12-11,ITA,GADM,ITA.13_1,Piemonte,-0.19183,0.1765,full_february,DAY_OF_WEEK
286,2020-12-12,ITA,GADM,ITA.13_1,Piemonte,-0.25643,0.21961,full_february,DAY_OF_WEEK
287,2020-12-13,ITA,GADM,ITA.13_1,Piemonte,-0.22596,0.26744,full_february,DAY_OF_WEEK
288,2020-12-14,ITA,GADM,ITA.13_1,Piemonte,-0.11483,0.16511,full_february,DAY_OF_WEEK
289,2020-12-15,ITA,GADM,ITA.13_1,Piemonte,-0.08708,0.15954,full_february,DAY_OF_WEEK
290,2020-12-16,ITA,GADM,ITA.13_1,Piemonte,-0.09608,0.15541,full_february,DAY_OF_WEEK
291,2020-12-17,ITA,GADM,ITA.13_1,Piemonte,-0.07214,0.1479,full_february,DAY_OF_WEEK
292,2020-12-18,ITA,GADM,ITA.13_1,Piemonte,-0.06515,0.14325,full_february,DAY_OF_WEEK
293,2020-12-19,ITA,GADM,ITA.13_1,Piemonte,-0.09259,0.18,full_february,DAY_OF_WEEK
294,2020-12-20,ITA,GADM,ITA.13_1,Piemonte,-0.27644,0.28061,full_february,DAY_OF_WEEK
295,2020-12-21,ITA,GADM,ITA.13_1,Piemonte,-0.07728,0.15182,full_february,DAY_OF_WEEK
296,2020-12-22,ITA,GADM,ITA.13_1,Piemonte,-0.04508,0.14275,full_february,DAY_OF_WEEK
297,2020-12-23,ITA,GADM,ITA.13_1,Piemonte,-0.03927,0.14241,full_february,DAY_OF_WEEK
298,2020-12-24,ITA,GADM,ITA.13_1,Piemonte,-0.39163,0.23598,full_february,DAY_OF_WEEK
299,2020-12-25,ITA,GADM,ITA.13_1,Piemonte,-0.7076,0.43862,full_february,DAY_OF_WEEK
300,2020-12-26,ITA,GADM,ITA.13_1,Piemonte,-0.60721,0.39598,full_february,DAY_OF_WEEK
301,2020-12-27,ITA,GADM,ITA.13_1,Piemonte,-0.54556,0.38935,full_february,DAY_OF_WEEK
302,2020-12-28,ITA,GADM,ITA.13_1,Piemonte,-0.30407,0.24302,full_february,DAY_OF_WEEK
303,2020-12-29,ITA,GADM,ITA.13_1,Piemonte,-0.22814,0.20384,full_february,DAY_OF_WEEK
304,2020-12-30,ITA,GADM,ITA.13_1,Piemonte,-0.19573,0.1778,full_february,DAY_OF_WEEK
305,2020-12-31,ITA,GADM,ITA.13_1,Piemonte,-0.41302,0.24564,full_february,DAY_OF_WEEK
306,2021-01-01,ITA,GADM,ITA.13_1,Piemonte,-0.73013,0.4846,full_february,DAY_OF_WEEK
307,2021-01-02,ITA,GADM,ITA.13_1,Piemonte,-0.57795,0.3987,full_february,DAY_OF_WEEK
308,2021-01-03,ITA,GADM,ITA.13_1,Piemonte,-0.57664,0.42937,full_february,DAY_OF_WEEK
309,2021-01-04,ITA,GADM,ITA.13_1,Piemonte,-0.2797,0.22499,full_february,DAY_OF_WEEK
310,2021-01-05,ITA,GADM,ITA.13_1,Piemonte,-0.35786,0.2598,full_february,DAY_OF_WEEK
311,2021-01-06,ITA,GADM,ITA.13_1,Piemonte,-0.59248,0.3873,full_february,DAY_OF_WEEK
312,2021-01-07,ITA,GADM,ITA.13_1,Piemonte,-0.17193,0.16829,full_february,DAY_OF_WEEK
313,2021-01-08,ITA,GADM,ITA.13_1,Piemonte,-0.15816,0.15758,full_february,DAY_OF_WEEK
314,2021-01-09,ITA,GADM,ITA.13_1,Piemonte,-0.32525,0.24227,full_february,DAY_OF_WEEK
315,2021-01-10,ITA,GADM,ITA.13_1,Piemonte,-0.46324,0.35594,full_february,DAY_OF_WEEK
316,2021-01-11,ITA,GADM,ITA.13_1,Piemonte,-0.14193,0.16646,full_february,DAY_OF_WEEK
317,2021-01-12,ITA,GADM,ITA.13_1,Piemonte,-0.12119,0.16255,full_february,DAY_OF_WEEK
318,2021-01-13,ITA,GADM,ITA.13_1,Piemonte,-0.13468,0.15956,full_february,DAY_OF_WEEK
319,2021-01-14,ITA,GADM,ITA.13_1,Piemonte,-0.12814,0.15317,full_february,DAY_OF_WEEK
320,2021-01-15,ITA,GADM,ITA.13_1,Piemonte,-0.15056,0.15374,full_february,DAY_OF_WEEK
321,2021-01-16,ITA,GADM,ITA.13_1,Piemonte,-0.18829,0.19241,full_february,DAY_OF_WEEK
322,2021-01-17,ITA,GADM,ITA.13_1,Piemonte,-0.45724,0.34187,full_february,DAY_OF_WEEK
323,2021-01-18,ITA,GADM,ITA.13_1,Piemonte,-0.17971,0.17393,full_february,DAY_OF_WEEK
324,2021-01-19,ITA,GADM,ITA.13_1,Piemonte,-0.15542,0.16576,full_february,DAY_OF_WEEK
325,2021-01-20,ITA,GADM,ITA.13_1,Piemonte,-0.18013,0.16909,full_february,DAY_OF_WEEK
326,2021-01-21,ITA,GADM,ITA.13_1,Piemonte,-0.19237,0.17713,full_february,DAY_OF_WEEK
327,2021-01-22,ITA,GADM,ITA.13_1,Piemonte,-0.2176,0.18502,full_february,DAY_OF_WEEK
328,2021-01-23,ITA,GADM,ITA.13_1,Piemonte,-0.26611,0.21419,full_february,DAY_OF_WEEK
329,2021-01-24,ITA,GADM,ITA.13_1,Piemonte,-0.38682,0.30889,full_february,DAY_OF_WEEK
330,2021-01-25,ITA,GADM,ITA.13_1,Piemonte,-0.15098,0.16403,full_february,DAY_OF_WEEK
331,2021-01-26,ITA,GADM,ITA.13_1,Piemonte,-0.12823,0.15776,full_february,DAY_OF_WEEK
332,2021-01-27,ITA,GADM,ITA.13_1,Piemonte,-0.15367,0.1626,full_february,DAY_OF_WEEK
333,2021-01-28,ITA,GADM,ITA.13_1,Piemonte,-0.14595,0.15696,full_february,DAY_OF_WEEK
334,2021-01-29,ITA,GADM,ITA.13_1,Piemonte,-0.15163,0.153,full_february,DAY_OF_WEEK
335,2021-01-30,ITA,GADM,ITA.13_1,Piemonte,-0.24894,0.20495,full_february,DAY_OF_WEEK
336,2021-01-31,ITA,GADM,ITA.13_1,Piemonte,-0.33912,0.29046,full_february,DAY_OF_WEEK
337,2021-02-01,ITA,GADM,ITA.13_1,Piemonte,-0.1247,0.15784,full_february,DAY_OF_WEEK
338,2021-02-02,ITA,GADM,ITA.13_1,Piemonte,-0.09485,0.14674,full_february,DAY_OF_WEEK
339,2021-02-03,ITA,GADM,ITA.13_1,Piemonte,-0.13397,0.16055,full_february,DAY_OF_WEEK
340,2021-02-04,ITA,GADM,ITA.13_1,Piemonte,-0.11966,0.15227,full_february,DAY_OF_WEEK
341,2021-02-05,ITA,GADM,ITA.13_1,Piemonte,-0.13105,0.15041,full_february,DAY_OF_WEEK
342,2021-02-06,ITA,GADM,ITA.13_1,Piemonte,-0.1973,0.20018,full_february,DAY_OF_WEEK
343,2021-02-07,ITA,GADM,ITA.13_1,Piemonte,-0.34799,0.30842,full_february,DAY_OF_WEEK
344,2021-02-08,ITA,GADM,ITA.13_1,Piemonte,-0.1078,0.14943,full_february,DAY_OF_WEEK
345,2021-02-09,ITA,GADM,ITA.13_1,Piemonte,-0.09094,0.14358,full_february,DAY_OF_WEEK
346,2021-02-10,ITA,GADM,ITA.13_1,Piemonte,-0.12913,0.14881,full_february,DAY_OF_WEEK
347,2021-02-11,ITA,GADM,ITA.13_1,Piemonte,-0.08476,0.13763,full_february,DAY_OF_WEEK
348,2021-02-12,ITA,GADM,ITA.13_1,Piemonte,-0.14469,0.15502,full_february,DAY_OF_WEEK
349,2021-02-13,ITA,GADM,ITA.13_1,Piemonte,-0.2153,0.21192,full_february,DAY_OF_WEEK
350,2021-02-14,ITA,GADM,ITA.13_1,Piemonte,-0.19983,0.25226,full_february,DAY_OF_WEEK
351,2021-02-15,ITA,GADM,ITA.13_1,Piemonte,-0.1361,0.17162,full_february,DAY_OF_WEEK
352,2021-02-16,ITA,GADM,ITA.13_1,Piemonte,-0.11681,0.16313,full_february,DAY_OF_WEEK
353,2021-02-17,ITA,GADM,ITA.13_1,Piemonte,-0.11122,0.15365,full_february,DAY_OF_WEEK
354,2021-02-18,ITA,GADM,ITA.13_1,Piemonte,-0.11252,0.15014,full_february,DAY_OF_WEEK
355,2021-02-19,ITA,GADM,ITA.13_1,Piemonte,-0.12106,0.14433,full_february,DAY_OF_WEEK
356,2021-02-20,ITA,GADM,ITA.13_1,Piemonte,-0.16066,0.18138,full_february,DAY_OF_WEEK
357,2021-02-21,ITA,GADM,ITA.13_1,Piemonte,-0.21889,0.25513,full_february,DAY_OF_WEEK
358,2021-02-22,ITA,GADM,ITA.13_1,Piemonte,-0.13331,0.15426,full_february,DAY_OF_WEEK
359,2021-02-23,ITA,GADM,ITA.13_1,Piemonte,-0.09074,0.13894,full_february,DAY_OF_WEEK
360,2021-02-24,ITA,GADM,ITA.13_1,Piemonte,-0.09644,0.1367,full_february,DAY_OF_WEEK
361,2021-02-25,ITA,GADM,ITA.13_1,Piemonte,-0.09327,0.13507,full_february,DAY_OF_WEEK
362,2021-02-26,ITA,GADM,ITA.13_1,Piemonte,-0.08909,0.12858,full_february,DAY_OF_WEEK
363,2021-02-27,ITA,GADM,ITA.13_1,Piemonte,-0.09164,0.16172,full_february,DAY_OF_WEEK
364,2021-02-28,ITA,GADM,ITA.13_1,Piemonte,-0.13088,0.22768,full_february,DAY_OF_WEEK
365,2021-03-01,ITA,GADM,ITA.13_1,Piemonte,-0.13426,0.15091,full_february,DAY_OF_WEEK
366,2021-03-02,ITA,GADM,ITA.13_1,Piemonte,-0.12184,0.14717,full_february,DAY_OF_WEEK
367,2021-03-03,ITA,GADM,ITA.13_1,Piemonte,-0.15517,0.15622,full_february,DAY_OF_WEEK
368,2021-03-04,ITA,GADM,ITA.13_1,Piemonte,-0.13667,0.15047,full_february,DAY_OF_WEEK
369,2021-03-05,ITA,GADM,ITA.13_1,Piemonte,-0.14648,0.14348,full_february,DAY_OF_WEEK
370,2021-03-06,ITA,GADM,ITA.13_1,Piemonte,-0.31906,0.24184,full_february,DAY_OF_WEEK
371,2021-03-07,ITA,GADM,ITA.13_1,Piemonte,-0.40877,0.31961,full_february,DAY_OF_WEEK
372,2021-03-08,ITA,GADM,ITA.13_1,Piemonte,-0.17363,0.16992,full_february,DAY_OF_WEEK
373,2021-03-09,ITA,GADM,ITA.13_1,Piemonte,-0.17939,0.17688,full_february,DAY_OF_WEEK
374,2021-03-10,ITA,GADM,ITA.13_1,Piemonte,-0.16415,0.16317,full_february,DAY_OF_WEEK
375,2021-03-11,ITA,GADM,ITA.13_1,Piemonte,-0.16258,0.165,full_february,DAY_OF_WEEK
376,2021-03-12,ITA,GADM,ITA.13_1,Piemonte,-0.15088,0.1516,full_february,DAY_OF_WEEK
377,2021-03-13,ITA,GADM,ITA.13_1,Piemonte,-0.20858,0.18954,full_february,DAY_OF_WEEK
378,2021-03-14,ITA,GADM,ITA.13_1,Piemonte,-0.40387,0.32033,full_february,DAY_OF_WEEK
379,2021-03-15,ITA,GADM,ITA.13_1,Piemonte,-0.28054,0.22431,full_february,DAY_OF_WEEK
380,2021-03-16,ITA,GADM,ITA.13_1,Piemonte,-0.25116,0.21159,full_february,DAY_OF_WEEK
381,2021-03-17,ITA,GADM,ITA.13_1,Piemonte,-0.25671,0.20632,full_february,DAY_OF_WEEK
382,2021-03-18,ITA,GADM,ITA.13_1,Piemonte,-0.25013,0.20695,full_february,DAY_OF_WEEK
383,2021-03-19,ITA,GADM,ITA.13_1,Piemonte,-0.26382,0.20228,full_february,DAY_OF_WEEK
384,2021-03-20,ITA,GADM,ITA.13_1,Piemonte,-0.33769,0.24381,full_february,DAY_OF_WEEK
385,2021-03-21,ITA,GADM,ITA.13_1,Piemonte,-0.48789,0.36603,full_february,DAY_OF_WEEK
386,2021-03-22,ITA,GADM,ITA.13_1,Piemonte,-0.23527,0.2009,full_february,DAY_OF_WEEK
387,2021-03-23,ITA,GADM,ITA.13_1,Piemonte,-0.20412,0.19182,full_february,DAY_OF_WEEK
388,2021-03-24,ITA,GADM,ITA.13_1,Piemonte,-0.21406,0.18877,full_february,DAY_OF_WEEK
389,2021-03-25,ITA,GADM,ITA.13_1,Piemonte,-0.2055,0.18675,full_february,DAY_OF_WEEK
390,2021-03-26,ITA,GADM,ITA.13_1,Piemonte,-0.22639,0.18403,full_february,DAY_OF_WEEK
391,2021-03-27,ITA,GADM,ITA.13_1,Piemonte,-0.29658,0.22689,full_february,DAY_OF_WEEK
392,2021-03-28,ITA,GADM,ITA.13_1,Piemonte,-0.43239,0.32428,full_february,DAY_OF_WEEK
393,2021-03-29,ITA,GADM,ITA.13_1,Piemonte,-0.20195,0.18245,full_february,DAY_OF_WEEK
394,2021-03-30,ITA,GADM,ITA.13_1,Piemonte,-0.17303,0.17436,full_february,DAY_OF_WEEK
395,2021-03-31,ITA,GADM,ITA.13_1,Piemonte,-0.17954,0.1726,full_february,DAY_OF_WEEK
396,2021-04-01,ITA,GADM,ITA.13_1,Piemonte,-0.16307,0.1678,full_february,DAY_OF_WEEK
397,2021-04-02,ITA,GADM,ITA.13_1,Piemonte,-0.18007,0.1619,full_february,DAY_OF_WEEK
398,2021-04-03,ITA,GADM,ITA.13_1,Piemonte,-0.25692,0.20249,full_february,DAY_OF_WEEK
399,2021-04-04,ITA,GADM,ITA.13_1,Piemonte,-0.48635,0.32074,full_february,DAY_OF_WEEK
400,2021-04-05,ITA,GADM,ITA.13_1,Piemonte,-0.52203,0.32455,full_february,DAY_OF_WEEK
401,2021-04-06,ITA,GADM,ITA.13_1,Piemonte,-0.19752,0.18794,full_february,DAY_OF_WEEK
402,2021-04-07,ITA,GADM,ITA.13_1,Piemonte,-0.19386,0.17961,full_february,DAY_OF_WEEK
403,2021-04-08,ITA,GADM,ITA.13_1,Piemonte,-0.1619,0.16332,full_february,DAY_OF_WEEK
404,2021-04-09,ITA,GADM,ITA.13_1,Piemonte,-0.17917,0.16248,full_february,DAY_OF_WEEK
405,2021-04-10,ITA,GADM,ITA.13_1,Piemonte,-0.31236,0.23934,full_february,DAY_OF_WEEK
406,2021-04-11,ITA,GADM,ITA.13_1,Piemonte,-0.49402,0.37126,full_february,DAY_OF_WEEK
407,2021-04-12,ITA,GADM,ITA.13_1,Piemonte,-0.18139,0.17715,full_february,DAY_OF_WEEK
408,2021-04-13,ITA,GADM,ITA.13_1,Piemonte,-0.10362,0.14769,full_february,DAY_OF_WEEK
409,2021-04-14,ITA,GADM,ITA.13_1,Piemonte,-0.12723,0.15163,full_february,DAY_OF_WEEK
410,2021-04-15,ITA,GADM,ITA.13_1,Piemonte,-0.14699,0.16525,full_february,DAY_OF_WEEK
411,2021-04-16,ITA,GADM,ITA.13_1,Piemonte,-0.16382,0.15721,full_february,DAY_OF_WEEK
412,2021-04-17,ITA,GADM,ITA.13_1,Piemonte,-0.17734,0.18292,full_february,DAY_OF_WEEK
413,2021-04-18,ITA,GADM,ITA.13_1,Piemonte,-0.34252,0.29015,full_february,DAY_OF_WEEK
414,2021-04-19,ITA,GADM,ITA.13_1,Piemonte,-0.10715,0.14671,full_february,DAY_OF_WEEK
415,2021-04-20,ITA,GADM,ITA.13_1,Piemonte,-0.07295,0.13911,full_february,DAY_OF_WEEK
416,2021-04-21,ITA,GADM,ITA.13_1,Piemonte,-0.12443,0.15434,full_february,DAY_OF_WEEK
417,2021-04-22,ITA,GADM,ITA.13_1,Piemonte,-0.08221,0.1347,full_february,DAY_OF_WEEK
418,2021-04-23,ITA,GADM,ITA.13_1,Piemonte,-0.0964,0.13227,full_february,DAY_OF_WEEK
419,2021-04-24,ITA,GADM,ITA.13_1,Piemonte,-0.1305,0.16716,full_february,DAY_OF_WEEK
420,2021-04-25,ITA,GADM,ITA.13_1,Piemonte,-0.25678,0.24845,full_february,DAY_OF_WEEK
421,2021-04-26,ITA,GADM,ITA.13_1,Piemonte,-0.10786,0.15596,full_february,DAY_OF_WEEK
422,2021-04-27,ITA,GADM,ITA.13_1,Piemonte,-0.08873,0.14779,full_february,DAY_OF_WEEK
423,2021-04-28,ITA,GADM,ITA.13_1,Piemonte,-0.08909,0.14405,full_february,DAY_OF_WEEK
424,2021-04-29,ITA,GADM,ITA.13_1,Piemonte,-0.09857,0.14604,full_february,DAY_OF_WEEK
425,2021-04-30,ITA,GADM,ITA.13_1,Piemonte,-0.06047,0.12941,full_february,DAY_OF_WEEK
426,2021-05-01,ITA,GADM,ITA.13_1,Piemonte,-0.34049,0.27363,full_february,DAY_OF_WEEK
427,2021-05-02,ITA,GADM,ITA.13_1,Piemonte,-0.13009,0.21948,full_february,DAY_OF_WEEK
428,2021-05-03,ITA,GADM,ITA.13_1,Piemonte,-0.02838,0.1298,full_february,DAY_OF_WEEK
429,2021-05-04,ITA,GADM,ITA.13_1,Piemonte,-0.03351,0.12851,full_february,DAY_OF_WEEK
430,2021-05-05,ITA,GADM,ITA.13_1,Piemonte,-0.04842,0.12642,full_february,DAY_OF_WEEK
431,2021-05-06,ITA,GADM,ITA.13_1,Piemonte,-0.04152,0.12515,full_february,DAY_OF_WEEK
432,2021-05-07,ITA,GADM,ITA.13_1,Piemonte,-0.04019,0.12071,full_february,DAY_OF_WEEK
433,2021-05-08,ITA,GADM,ITA.13_1,Piemonte,-0.03787,0.15081,full_february,DAY_OF_WEEK
434,2021-05-09,ITA,GADM,ITA.13_1,Piemonte,-0.10973,0.21134,full_february,DAY_OF_WEEK
435,2021-05-10,ITA,GADM,ITA.13_1,Piemonte,-0.10596,0.15754,full_february,DAY_OF_WEEK
436,2021-05-11,ITA,GADM,ITA.13_1,Piemonte,-0.11584,0.15804,full_february,DAY_OF_WEEK
437,2021-05-12,ITA,GADM,ITA.13_1,Piemonte,-0.04749,0.12569,full_february,DAY_OF_WEEK
438,2021-05-13,ITA,GADM,ITA.13_1,Piemonte,-0.04482,0.12218,full_february,DAY_OF_WEEK
439,2021-05-14,ITA,GADM,ITA.13_1,Piemonte,-0.07265,0.12989,full_february,DAY_OF_WEEK
440,2021-05-15,ITA,GADM,ITA.13_1,Piemonte,-0.07709,0.15669,full_february,DAY_OF_WEEK
441,2021-05-16,ITA,GADM,ITA.13_1,Piemonte,-0.12686,0.22009,full_february,DAY_OF_WEEK
442,2021-05-17,ITA,GADM,ITA.13_1,Piemonte,-0.03707,0.12944,full_february,DAY_OF_WEEK
443,2021-05-18,ITA,GADM,ITA.13_1,Piemonte,-0.01701,0.12305,full_february,DAY_OF_WEEK
444,2021-05-19,ITA,GADM,ITA.13_1,Piemonte,-0.03459,0.12132,full_february,DAY_OF_WEEK
445,2021-05-20,ITA,GADM,ITA.13_1,Piemonte,-0.01065,0.11522,full_february,DAY_OF_WEEK
446,2021-05-21,ITA,GADM,ITA.13_1,Piemonte,-0.02864,0.11777,full_february,DAY_OF_WEEK
447,2021-05-22,ITA,GADM,ITA.13_1,Piemonte,-0.05918,0.14896,full_february,DAY_OF_WEEK
448,2021-05-23,ITA,GADM,ITA.13_1,Piemonte,-0.03607,0.18963,full_february,DAY_OF_WEEK
449,2021-05-24,ITA,GADM,ITA.13_1,Piemonte,-0.07694,0.14633,full_february,DAY_OF_WEEK
450,2021-05-25,ITA,GADM,ITA.13_1,Piemonte,-0.01352,0.11775,full_february,DAY_OF_WEEK
451,2021-05-26,ITA,GADM,ITA.13_1,Piemonte,-0.02233,0.11761,full_february,DAY_OF_WEEK
452,2021-05-27,ITA,GADM,ITA.13_1,Piemonte,-0.02615,0.11626,full_february,DAY_OF_WEEK
453,2021-05-28,ITA,GADM,ITA.13_1,Piemonte,-0.01867,0.11177,full_february,DAY_OF_WEEK
454,2021-05-29,ITA,GADM,ITA.13_1,Piemonte,-0.02233,0.13875,full_february,DAY_OF_WEEK
455,2021-05-30,ITA,GADM,ITA.13_1,Piemonte,-0.08055,0.19452,full_february,DAY_OF_WEEK
456,2021-05-31,ITA,GADM,ITA.13_1,Piemonte,-0.01387,0.12062,full_february,DAY_OF_WEEK
457,2021-06-01,ITA,GADM,ITA.13_1,Piemonte,0.01584,0.11244,full_february,DAY_OF_WEEK
458,2021-06-02,ITA,GADM,ITA.13_1,Piemonte,-0.20858,0.19542,full_february,DAY_OF_WEEK
459,2021-06-03,ITA,GADM,ITA.13_1,Piemonte,0.00518,0.10836,full_february,DAY_OF_WEEK
460,2021-06-04,ITA,GADM,ITA.13_1,Piemonte,-0.02726,0.11081,full_february,DAY_OF_WEEK
461,2021-06-05,ITA,GADM,ITA.13_1,Piemonte,-0.04957,0.14161,full_february,DAY_OF_WEEK
462,2021-06-06,ITA,GADM,ITA.13_1,Piemonte,-0.05207,0.18373,full_february,DAY_OF_WEEK
463,2021-06-07,ITA,GADM,ITA.13_1,Piemonte,-0.02991,0.12633,full_february,DAY_OF_WEEK
464,2021-06-08,ITA,GADM,ITA.13_1,Piemonte,-0.03034,0.12316,full_february,DAY_OF_WEEK
465,2021-06-09,ITA,GADM,ITA.13_1,Piemonte,-0.02164,0.11627,full_february,DAY_OF_WEEK
466,2021-06-10,ITA,GADM,ITA.13_1,Piemonte,-0.01185,0.11207,full_february,DAY_OF_WEEK
467,2021-06-11,ITA,GADM,ITA.13_1,Piemonte,-0.02195,0.10947,full_february,DAY_OF_WEEK
468,2021-06-12,ITA,GADM,ITA.13_1,Piemonte,-0.03074,0.13479,full_february,DAY_OF_WEEK
469,2021-06-13,ITA,GADM,ITA.13_1,Piemonte,-0.01963,0.17957,full_february,DAY_OF_WEEK
470,2021-06-14,ITA,GADM,ITA.13_1,Piemonte,-0.00993,0.12104,full_february,DAY_OF_WEEK
471,2021-06-15,ITA,GADM,ITA.13_1,Piemonte,0.00156,0.11749,full_february,DAY_OF_WEEK
472,2021-06-16,ITA,GADM,ITA.13_1,Piemonte,-0.0198,0.1183,full_february,DAY_OF_WEEK
473,2021-06-17,ITA,GADM,ITA.13_1,Piemonte,-0.03176,0.12059,full_february,DAY_OF_WEEK
474,2021-06-18,ITA,GADM,ITA.13_1,Piemonte,-0.03269,0.11506,full_february,DAY_OF_WEEK
475,2021-06-19,ITA,GADM,ITA.13_1,Piemonte,0.0028,0.13319,full_february,DAY_OF_WEEK
476,2021-06-20,ITA,GADM,ITA.13_1,Piemonte,-0.07084,0.19122,full_february,DAY_OF_WEEK
477,2021-06-21,ITA,GADM,ITA.13_1,Piemonte,-0.02169,0.12414,full_february,DAY_OF_WEEK
478,2021-06-22,ITA,GADM,ITA.13_1,Piemonte,-0.028,0.1274,full_february,DAY_OF_WEEK
479,2021-06-23,ITA,GADM,ITA.13_1,Piemonte,-0.02717,0.11896,full_february,DAY_OF_WEEK
480,2021-06-24,ITA,GADM,ITA.13_1,Piemonte,-0.05379,0.13152,full_february,DAY_OF_WEEK
481,2021-06-25,ITA,GADM,ITA.13_1,Piemonte,-0.02275,0.10995,full_february,DAY_OF_WEEK
482,2021-06-26,ITA,GADM,ITA.13_1,Piemonte,-0.00281,0.12827,full_february,DAY_OF_WEEK
483,2021-06-27,ITA,GADM,ITA.13_1,Piemonte,-0.0288,0.17681,full_february,DAY_OF_WEEK
484,2021-06-28,ITA,GADM,ITA.13_1,Piemonte,-0.00111,0.11906,full_february,DAY_OF_WEEK
485,2021-06-29,ITA,GADM,ITA.13_1,Piemonte,-0.01856,0.11891,full_february,DAY_OF_WEEK
486,2021-06-30,ITA,GADM,ITA.13_1,Piemonte,-0.01564,0.11567,full_february,DAY_OF_WEEK
487,2021-07-01,ITA,GADM,ITA.13_1,Piemonte,0.00494,0.11334,full_february,DAY_OF_WEEK
488,2021-07-02,ITA,GADM,ITA.13_1,Piemonte,-0.01546,0.11247,full_february,DAY_OF_WEEK
489,2021-07-03,ITA,GADM,ITA.13_1,Piemonte,-0.01511,0.13419,full_february,DAY_OF_WEEK
490,2021-07-04,ITA,GADM,ITA.13_1,Piemonte,-0.05598,0.18574,full_february,DAY_OF_WEEK
